{
	"place":[
		{
			"title": "八仙塵爆",
			"LatLng": {"lat": 25.040365, "lng": 121.512559},
			"category": "danger",
			"data": "explosion",
			"description": "粉塵引發爆炸，死傷慘重",
			"regionShape": null
		},
		{
			"title": "生化攻擊",
			"LatLng": {"lat": 25.038054, "lng": 121.532938},
			"category": "danger",
			"data": "chemical",
			"description": "有毒氣體",
			"regionShape": null
		},
		{
			"title": "瓦斯中毒",
			"LatLng": {"lat": 25.040671, "lng": 121.519077},
			"category": "support",
			"data": "ambulance",
			"description": "昏迷指數5",
			"regionShape": null
		}, 
		{
			"title": "車輛追撞", 
			"LatLng": {"lat": 25.041853, "lng": 121.515782},
			"category": "casualty",
			"data": "20",
			"description": "在高速公路",
			"regionShape": null
		}, 
		{
			"title": "食物中毒", 
			"LatLng": {"lat": 25.052953, "lng": 121.534682},
			"category": "casualty",
			"data": "75",
			"description": "廠商監督不周",
			"regionShape": null
		}, 
		{
			"title": "師長過度體罰", 
			"LatLng": {"lat": 25.024500, "lng": 121.498054},
			"category": "casualty",
			"data": "40",
			"description": "多處瘀青，皮開肉綻",
			"regionShape": null
		}, 
		{
			"title": "活動用瓶裝水",
			"LatLng": {"lat": 25.047863, "lng": 121.535860},
			"category": "water",
			"data": "15",
			"description": "主辦單位贈送",
			"regionShape": null
		}, 
		{
			"title": "汽車撞到電線杆",
			"LatLng": {"lat": 25.015226, "lng": 121.552713},
			"category": "casualty",
			"data": "5",
			"description": "能見度過低",
			"regionShape": null
		}, 
		{
			"title": "長期缺水",
			"LatLng": {"lat": 25.035190, "lng": 121.546983},
			"category": "water",
			"data": "500",
			"description": "救援物資",
			"regionShape": null
		}, 
		{
			"title": "HackNTU",
			"LatLng": {"lat": 25.021085, "lng": 121.535226},
			"category": "water",
			"data": "55",
			"description": "活動贊助",
			"regionShape": null
		}, 
		{
			"title": "短期缺水",
			"LatLng": {"lat": 25.028916, "lng": 121.531661},
			"category": "water",
			"data": "120",
			"description": "水濁度提高",
			"regionShape": null
		}, 
		{
			"title": "開放性骨折",
			"LatLng": {"lat": 25.019868, "lng": 121.536254},
			"category": "support",
			"data": "stretcher",
			"description": "打籃球導致",
			"regionShape": null
		}, 
		{
			"title": "氰化鈉",
			"LatLng": {"lat": 25.028860, "lng": 121.552004},
			"category": "danger",
			"data": "NaCN",
			"description": "農藥添加物",
			"regionShape": null
		}, 
		{
			"title": "臺北市立聯合醫院中興院區",
			"LatLng": {"lat": 25.050968, "lng": 121.509238},
			"category": "support",
			"data": "hospital",
			"description": "臺北市鄭州路145號",
			"regionShape": null
		},
		{
			"title": "臺北市立聯合醫院忠孝院區",
			"LatLng": {"lat": 25.046250, "lng": 121.586136},
			"category": "support",
			"data": "hospital",
			"description": "臺北市同德路87號",
			"regionShape": null
		},
		{
			"title": "臺北市立聯合醫院陽明院區",
			"LatLng": {"lat": 25.104873, "lng":121.531531},
			"category": "support",
			"data": "hospital",
			"description": "臺北市雨聲街105號",
			"regionShape": null
		},
		{
			"title": "臺北市立聯合醫院和平婦幼院區",
			"LatLng": {"lat": 25.028976, "lng": 121.519353},
			"category": "support",
			"data": "hospital",
			"description": "臺北市福州街12號",
			"regionShape": null
		},
		{
			"title": "臺北市立聯合醫院仁愛院區",
			"LatLng": {"lat": 25.037513, "lng": 121.545291},
			"category": "support",
			"data": "hospital",
			"description": "臺北市仁愛路四段10號",
			"regionShape": null
		},
		{
			"title": "國立台灣大學醫學院附設醫院",
			"LatLng": {"lat": 25.041487, "lng": 121.517399},
			"category": "support",
			"data": "hospital",
			"description": "臺北市中山南路７、８號；常德街１號",
			"regionShape": null
		},
		{
			"title": "三軍總醫院松山分院附設民眾診療服務處",
			"LatLng": {"lat": 25.054436, "lng": 121.557203},
			"category": "support",
			"data": "hospital",
			"description": "臺北市健康路１３１號",
			"regionShape": null
		},
		{
			"title": "三軍總醫院附設民眾診療服務處",
			"LatLng": {"lat": 25.016318, "lng": 121.529902},
			"category": "support",
			"data": "hospital",
			"description": "臺北市中正區汀州路3段40號",
			"regionShape": null
		},
		{
			"title": "臺北榮民總醫院",
			"LatLng": {"lat": 25.120409, "lng": 121.521014},
			"category": "support",
			"data": "hospital",
			"description": "臺北市石牌路二段２０１號",
			"regionShape": null
		},
		{
			"title": "長庚醫療財團法人台北長庚紀念醫院",
			"LatLng": {"lat": 25.055515, "lng": 121.549740},
			"category": "support",
			"data": "hospital",
			"description": "臺北市敦化北路１９９號",
			"regionShape": null
		},
		{
			"title": "基督復臨安息日會醫療財團法人臺安醫院",
			"LatLng": {"lat": 25.048006, "lng": 121.547379},
			"category": "support",
			"data": "hospital",
			"description": "臺北市八德路二段424,426號",
			"regionShape": null
		}, 
		{
			"title": "國泰醫療財團法人國泰綜合醫院",
			"LatLng": {"lat": 25.036907, "lng": 121.553610},
			"category": "support",
			"data": "hospital",
			"description": "臺北市仁愛路四段266巷6號，280號",
			"regionShape": null
		}, 
		{
			"title": "財團法人臺灣基督長老教會馬偕紀念社會事業基金會馬偕紀念醫院本院",
			"LatLng": {"lat": 25.058443, "lng": 121.522570},
			"category": "support",
			"data": "hospital",
			"description": "台北市中山區中山北路二段92號",
			"regionShape": null
		},
		{
			"title": "康寧醫療財團法人康寧醫院",
			"LatLng": {"lat": 25.075836, "lng": 121.608839},
			"category": "support",
			"data": "hospital",
			"description": "臺北市成功路五段４２０巷２６號",
			"regionShape": null
		},
		{
			"title": "新光醫療財團法人新光吳火獅紀念醫院",
			"LatLng": {"lat": 25.091195, "lng": 121.520007},
			"category": "support",
			"data": "hospital",
			"description": "臺北市文昌路95號；士商路51號",
			"regionShape": null
		},
		{
			"title": "振興醫療財團法人振興醫院",
			"LatLng": {"lat": 25.117548, "lng": 121.522633},
			"category": "support",
			"data": "hospital",
			"description": "台北市北投區振興街45號",
			"regionShape": null
		},
		{
			"title": "中國醫藥大學附設醫院臺北分院",
			"LatLng": {"lat": 25.082160, "lng": 121.590716},
			"category": "support",
			"data": "hospital",
			"description": "臺北市內湖路二段360號",
			"regionShape": null
		},
		{
			"title": "臺北醫學大學附設醫院",
			"LatLng": {"lat": 25.026821, "lng": 121.563207},
			"category": "support",
			"data": "hospital",
			"description": "臺北市吳興街２５2號",
			"regionShape": null
		}, 
		{
			"title": "臺北市立萬芳醫院 - 委託財團法人臺北醫學大學辦理",
			"LatLng": {"lat": 24.999796, "lng": 121.558264},
			"category": "support",
			"data": "hospital",
			"description": "台北市文山區興隆路三段111號",
			"regionShape": null
		},
		{
			"title": "博仁綜合醫院",
			"LatLng": {"lat": 25.049915, "lng": 121.557723},
			"category": "support",
			"data": "hospital",
			"description": "臺北市光復北路６６－６８號",
			"regionShape": null
		},
		{
			"title": "西園醫院",
			"LatLng": {"lat": 25.027591, "lng": 121.494313},
			"category": "support",
			"data": "hospital",
			"description": "臺北市西園路二段266~274號、185、187、189號",
			"regionShape": null
		}
	]
}